{
  "generator-fountain-angular1": {
    "version": "1.0.0-rc2",
    "props": {
      "resolved": "/usr/local/lib/node_modules/generator-fountain-webapp/node_modules/generator-fountain-angular1/generators/app/index.js",
      "modules": "inject",
      "ci": [],
      "namespace": "fountain-angular1",
      "argv": {
        "remain": [],
        "cooked": [],
        "original": []
      },
      "js": "js",
      "framework": "angular1",
      "css": "scss",
      "sample": "techs",
      "router": "uirouter"
    }
  }
}